,LAT,LONG
0,40.106226047763,-18.90799732021768
1,40.792694988953194,40.369818854077266
2,15.659023474929828,-9.043447685395943
3,7.585640432683113,-17.059710849100913
4,-5.830022938165179,-6.814700861162124
5,5.79978290827001,-1.8150105657414988
6,-5.733654603031986,-38.99897758108018
7,-3.010800977361356,0.2094076911300109
8,-26.278830077302196,9.555396900971395
9,-1.5856230715407935,28.49723334262512
10,30.62997938565057,-20.63395832510199
11,21.922625301414925,-38.53752402971023
12,13.08604327675617,29.31765083482663
13,-33.182467995070276,3.923201216726852
14,-45.10072392741786,11.288482921581675
15,30.988482907796957,2.687459124867781
16,-10.891103405147303,21.24500394435585
17,15.924073727599367,-7.757847506644873
18,26.24415359461159,-12.926938280758735
19,1.4472700923012227,-3.5420669341355184
20,-11.882686782205365,-18.088262631620275
21,-41.80542379145159,-23.813097416869503
22,25.462429231018152,20.767355935821723
23,10.369623554602606,-41.21275842639292
24,-1.9866583416581425,11.349839929695262
25,4.099991266378741,2.8228112632861473
26,6.015372429754993,-16.061956906036094
27,16.894006012333264,17.69220118436065
28,14.704640767481811,14.15413303009355
29,11.64445900894483,27.11039306222948
30,-27.92172544314726,-30.0010605613615
31,1.909601592091366,14.193370485951363
32,38.24806270885764,17.960330577566328
33,30.04547580933428,4.705253899445383
34,0.5990913935888538,2.0463253034193762
35,1.090058058739686,-49.381431323684595
36,3.110540429141727,-0.47695774495047405
37,-9.936677113789562,39.99428280523264
38,0.6848035542082663,-37.40272881072985
39,-21.330319396198114,42.56622002077795
40,7.603128838436168,46.203360929100555
41,-35.72346174306797,4.409094974678707
42,18.84748519563308,17.563989221233182
43,31.36800866528194,13.047355080481031
44,-25.956421244894045,42.04306735373346
45,-14.330883129147491,-2.2448781730551426
46,-17.86335833263077,-13.980346346145806
47,-23.449791285847713,-23.830010840852605
48,-15.947262622830642,-2.0490572486758154
49,-21.129500471075463,4.6653306765760165
50,21.395594407476633,37.4826845792848
51,-30.71241822126986,12.618806154593878
52,1.6843116158853055,44.52760821963707
53,-13.434562799998208,0.39008758637246777
54,23.076306616510163,22.028061184469163
55,-14.901422003335506,21.76213083375735
56,-10.329633804345903,-34.48442269045357
57,-38.62926245442962,39.474250762128676
58,41.19088874406968,37.87683671745574
59,14.69264507453101,-5.682158379689056
60,3.1337703362005254,-3.4852228046988953
61,-17.128195081414766,37.58258773926625
62,22.747840842410753,39.23001662530572
63,9.30561170300516,43.019875769407385
64,12.494263944875179,-6.774714981636161
65,-9.249124293640394,-3.849789392989819
66,-20.14529533935352,11.376529705446492
67,-22.23330013055745,8.933304129206206
68,-30.862931708099232,11.71814197303471
69,3.065200145517262,8.908661465851209
70,-13.80194812051106,-20.731537425225635
71,-2.1976858927838974,-25.264686979749236
72,11.29986951966755,0.2371629490239513
73,-12.79456728900101,44.65438872789031
74,37.57854700846369,17.66092322139574
75,48.452949486470175,-11.422740857617304
76,28.631949856884873,-12.59072971551584
77,7.351155268494593,7.722489430965233
78,-39.393626901509776,8.568445307699866
79,-16.749807790996744,18.18827640998771
80,-35.31725938567943,-5.794695659412037
81,-13.371363022332785,27.108494720206235
82,2.537179328521565,43.77965443872937
83,-35.793265151623174,-10.330945497783913
84,-13.905564265825411,2.439306192539524
85,42.09138776328488,-35.48081639956999
86,-22.81606964540864,-22.6613339949744
87,-18.42572011831334,-3.5072599737075603
88,-0.4481967441694441,3.3352616557068693
89,-0.03752470907000616,-30.57001716623695
90,27.81276541338959,46.111410181334236
91,16.001332065801904,30.966898977517126
92,44.463071701977945,14.857128391048946
93,-12.801239843501525,38.59998674820448
94,33.576627009626066,-7.448872078819999
95,27.277351558528594,-14.334970759763685
96,-27.094954495967052,2.441502067935369
97,-7.09540379090334,-23.567450863458276
98,-18.9651756755196,47.66584567371914
99,-41.93542784515323,-10.066950349655734
100,10.940383321264562,18.824990517797378
101,-3.565416902201953,2.8241423388724316
102,7.258996828217905,-4.673232650097889
103,1.0082175642412707,-0.6344960347608297
104,-27.609151314437717,-0.4818416332136337
105,-8.743546064940569,17.353938113341126
106,7.328242185297247,-1.8215151350524839
107,-14.510235214767002,-21.40488011024646
108,-6.770049436831737,27.718299609090206
109,-11.866139679952482,39.47413335906743
110,12.842847836311066,-47.46823765664273
111,9.67964524068225,3.5983444309853105
112,-5.0355294672199715,47.348313405175524
113,0.787638247419414,8.5954400259688
114,-26.823955857114118,1.3968049983117625
115,39.40500019910281,-7.060880208128731
116,21.420195873675468,-19.475470379008787
117,-25.189531417797586,-22.18785446556612
118,-4.70143584936565,-25.3346379766459
119,29.314418829050673,-32.52730814696994
120,-14.569926607849924,5.7872165669795255
121,37.8538936318093,10.032385435062276
122,1.5824090408084022,-20.014806920693328
123,4.648240252011227,-2.483154979003985
124,-21.59874036826516,1.1625864277630364
125,7.8852839889632165,23.645572501094534
126,31.88033600294028,-5.6528938924487315
127,-43.18737009026717,3.6547019721178327
128,-3.646866100864779,1.2882835921586735
129,-0.7025035991885872,-2.9474678795607976
130,-4.038658204164298,-23.0771726670704
131,-20.09046209911773,21.01650626018561
132,-34.86158752716057,-15.271897463285624
133,-0.9883396874170001,16.212881884872726
134,15.202338566667839,2.8200216871460713
135,-7.750156463977623,36.51776363879406
136,42.4163638043524,19.938927489464252
137,6.878237448852564,-4.166277002448907
138,24.546324549378955,-17.70337606315417
139,-3.045277942057231,10.51026221359346
140,11.875119545242695,-20.13383821654784
141,-39.284163704772915,21.16398114836383
142,19.963221409690437,4.532968104020323
143,-3.6908593694193232,3.0811356881867455
144,-11.761650331523525,-4.20164229259689
145,-20.514643350223153,-1.4004642292938358
146,-35.512489096195345,3.225463816118062
147,9.29169613653367,-5.515514756883182
148,-20.191520557629122,6.466057132359415
149,0.25996581922225204,1.2991655136531541
150,47.92157844298792,-26.526799243732174
151,5.38375730468243,-8.414234336720053
152,14.256639425972681,-46.22405889189676
153,11.711437947230685,46.87108138511911
154,0.26234557713731377,6.194844543331037
155,-3.5046052786671567,34.64921431487635
156,-27.234522908418427,0.8403379505818435
157,17.981183989945112,-27.937225959509075
158,24.218094734130915,4.8976989183964115
159,16.119666834141746,-37.20472454946148
160,-5.691998876133255,9.631989495631675
161,-9.505211374615879,-17.091020946782464
162,17.611622343351655,-3.430527115247976
163,28.354271334379128,3.966469186952701
164,-7.821432232531465,4.616219327732608
165,-38.162082540409315,-7.877003306915516
166,37.540806317401746,31.793755633119435
167,1.3723727281458544,10.672848358530068
168,15.204856305142968,-1.2796613238354704
169,0.8967262974011666,-17.91044182729737
170,9.12980506753102,11.176598770221577
171,-16.04985422608181,-6.31071212081768
172,9.225851393562673,-48.267290570663036
173,-15.104055256255094,2.746415284431545
174,-45.77633684710332,0.0
175,2.8172141652061944,15.853570867100036
176,6.081373693174124,38.62311500582136
177,-21.346083742578895,48.198161223992614
178,15.404704692106957,16.21209088435475
179,6.722176200110959,40.72938822098687
180,12.469390819927323,16.5431492633817
181,-44.8383305923179,-10.30060396957223
182,-19.97881029530529,4.109405460813971
183,11.002346025870825,17.207886951196567
184,-15.109650471579805,12.493269388711946
185,-14.492594897457995,40.43822908431645
186,11.538798879113436,-9.699708682083402
187,17.605239238404142,-15.01716112055805
188,15.429320345992938,-5.84356783911171
189,25.994956358798675,-0.5202915915713693
190,5.4954726539250585,26.03935817720706
191,5.472035177708552,-39.1069465532715
192,-24.319913548082564,-16.080644636965502
193,-34.76656694216883,2.657419554997749
194,29.34420553586237,28.434435063262953
195,4.787168485700775,-11.568752136933345
196,-25.93405387203008,-3.374707296900783
197,10.090511477574003,22.953509287169638
198,37.574123212738925,-3.99533250292054
199,15.841004086597604,-12.126016789266242
200,43.92888625462581,28.764657424060083
201,-31.9957128383044,14.556284901344743
202,-15.956886184389845,-15.22874369794994
203,-34.95574046970832,3.4626472454916892
204,-43.35114015605631,3.532149879685053
205,-20.534092742028175,-19.782093080698882
206,27.564877387330213,-28.60602194831104
207,-14.575115891317202,14.887138377015617
208,-18.226804757404604,-5.329312447956784
209,8.542200907019012,10.448350635330343
210,21.445741735200453,0.40054706927107775
211,9.147065219920222,-35.08078424149268
212,-5.217715161712276,-35.99964338173465
213,-4.599414030039398,-3.887800126771375
214,-17.119821635947567,-1.4059773285417325
215,-3.1664553563439566,-31.34849578109637
216,43.824594054714396,-23.715490979668846
217,-19.579788033943046,-9.639997209132984
218,-14.421369300812712,0.7597732630837571
219,-31.89787591592613,-27.906180718794893
220,-16.78281912431885,10.26676631891253
221,-46.537865473074106,-2.1256708606282575
222,10.776165687292824,-3.8828835694956068
223,16.913657305106,22.5000872991624
224,22.083457184894314,-7.092900110689332
225,-16.352494324518904,37.910985535930585
226,32.356314862730265,-0.7721202621668692
227,-29.525132976406145,-15.21886058329371
228,0.406053815592363,-45.564812083228574
229,-35.687725868582774,14.126649531624707
230,8.959016732926253,-10.452378125185014
231,21.252017005280102,4.420200880422517
232,37.49809238866001,12.351934319020023
233,7.611513564582794,37.39284882943145
234,1.5145163019202683,-39.20530210858483
235,-46.501690001826326,-26.704288979607803
236,47.01743274312895,-15.926538559137954
237,-5.991157292278695,-2.9801542774878333
238,49.8583157813744,2.482322570936166
239,-1.655558679574134,-22.853024977629264
240,-4.055620721146954,27.335984167384627
241,5.513418271276355,12.14969503508106
242,21.52585617729418,-2.1627336241467487
243,6.610886809572154,-48.10337344594683
244,-0.5404168718166111,29.301069375970254
245,23.605133758292595,1.355438208699323
246,2.1571582843146504,17.29528762456072
247,-21.29209948953493,11.960763976564413
248,14.059112980092792,27.49474395253725
249,47.13619981332059,5.3335653332044854
250,18.822278438106437,1.078043167922543
251,-14.6034280907865,-28.78076488540902
252,15.989753497976508,14.863694818993881
253,9.375217392334793,-42.99867349054962
254,8.128916921451937,4.746700025400293
255,-28.07345681240555,-31.550516669588056
256,-11.382347330899414,26.630116944783126
257,-28.36212867686613,-0.21080506354213102
258,-18.89290722246649,6.949730500748659
259,-25.156282654369996,4.6712906131041105
260,10.601949376984772,34.89122462320569
261,-6.174053737510841,33.69745037829053
262,11.750023194059166,10.938087860925782
263,-2.1507792385001445,47.9878142596359
264,-6.880209629923619,26.115778191232327
265,4.073540053928133,47.50765309141998
266,-49.061081221430086,-3.7304889365144644
267,-11.702017978983614,0.0
268,-10.428795024862405,10.524188351228432
269,17.77651790302066,41.08404943898327
270,21.158305398930857,-5.604902330878059
271,38.8313861789924,21.90054824737118
272,-9.814963398255783,3.235856101703634
273,13.354147527381263,14.024994135701114
274,-44.34951096361918,-1.0048759379112604
275,-3.502713137486271,-2.1298708645641633
276,-41.32783164457598,20.784598828615557
277,-18.63075009140249,-5.785265311454227
278,-23.463349866956662,17.449119897200415
279,8.735585580847632,-8.246628520951283
280,-11.176113434862904,31.82750735336249
281,0.22438492766849727,-31.969505098603417
282,35.15364373342384,13.302817528125905
283,37.0191513901091,-34.261175553475645
284,-45.31015891294911,-9.813442219699649
285,3.6357752550363758,-25.80239567172913
286,-25.957242776147815,30.931167549552345
287,2.9810998572815373,-0.46943668188830556
288,-48.646652306849276,3.9895357003482705
289,28.5277295558032,-2.0260239841082788
290,28.58353697772055,-19.3594353326777
291,-2.9827679930703557,-30.552625181423274
292,-26.885604968206877,7.375566003004945
293,7.526587818860562,-21.629129356353847
294,42.10214578491257,-45.58349418574382
295,3.5802019601092256,4.627781942236261
296,-23.062078894230392,-6.543986888466646
297,27.703483118579936,21.750899022393153
298,6.512721312307741,8.469778752186762
299,15.60919224845859,-31.52966554972899
300,35.11926295112901,-9.818902911230103
301,-43.06995537549125,-34.20463003915147
302,-24.31832766572985,-1.4361669754625996
303,37.224217047731734,49.578559646417034
304,8.806025063200988,-16.904190410112836
305,3.2256914340313116,-48.55334009044668
306,-9.778977337861669,-20.22739072351456
307,-22.842169349026477,-27.068319254642365
308,3.215937010264501,29.803082597370757
309,14.921704063834218,-6.086664880414904
310,23.725810187690097,5.1369533554177575
311,-3.723739070894158,36.42244598903474
312,24.387794790378592,-23.629990615645045
313,-35.25414150782592,32.68422199674967
314,0.4478564443856987,-43.80789590610705
315,-4.126977069393374,18.196395472743788
316,6.555932391723146,7.880725602571639
317,20.484579691989296,-1.7521575730434251
318,9.810320928428265,-45.13747750653977
319,6.141920208892353,13.411053695026421
320,35.82256252922553,-1.5035276245445688
321,8.971020816130803,-0.9296965112237197
322,-24.40573283844118,5.902508999242064
323,33.05100455917721,-27.298614319670865
324,33.1234626115984,-7.015294921665211
325,-3.38597995140705,6.6101429757922
326,24.294457259559397,-3.804877326464995
327,17.693971708002135,-5.51808996019851
328,-22.044065742340162,0.6023537106469689
329,-17.120837479956197,-17.345673646831166
330,35.19538926238702,4.1619028695073625
331,-26.258448804987808,-38.090726710031475
332,41.98968509462545,-2.8440053168426638
333,-34.7566604645865,34.945946027142774
334,7.681806806347596,-8.248389962341134
335,-0.8231394894143571,1.039812162926018
336,4.538852468968474,-11.352540673965095
337,-12.198893419126179,-30.106323568763727
338,-29.621150113050412,26.291628060401028
339,29.563158303279423,-13.137813168787673
340,12.672490573470924,0.30696427502927914
341,7.174716522422353,-16.764993235449083
342,8.138787111523872,-3.5632424492818084
343,41.46700408775821,-10.544646068568873
344,-10.804883564617572,-27.546631261567065
345,-33.81355697635426,10.412663242794723
346,-18.743196889173152,-7.631635088119257
347,-38.56550189406931,30.064265738275573
348,-30.93676495114898,23.495072668888646
349,-8.824946799855118,-38.305951957766084
350,38.67132928307156,-1.556404484470637
351,-37.702600583424044,-6.840248826799689
352,35.587497427661745,18.143894491574255
353,-17.43220062654318,3.7018770565619823
354,2.443286911505085,0.9448772078730645
355,1.8200368872000112,-15.294595474893615
356,3.4594691368907644,8.708446412946703
357,5.478503512766513,7.889944085709537
358,-28.06110219182367,-14.667898757842412
359,1.0491680376731507,0.9037305219917544
360,42.91533855914905,-11.27888232340738
361,13.67949270951452,14.265863701257146
362,-38.94780540316721,-17.718669403218634
363,14.71548404029378,2.7327404338889445
364,-18.126659185679635,20.31859064193123
365,-28.898143845065984,-2.6240044871283157
366,0.0,-13.893650585884558
367,-7.720004076110899,0.20712896015135407
368,-6.953921425124592,-4.431431468130473
369,-24.046556332240115,10.771861970422261
370,-1.1702472367507166,-13.568631790868697
371,-30.21909809880963,-16.85838205370545
372,-36.268591047119635,21.780972824916983
373,-9.81548573349097,-48.49502360692414
374,2.0504680251920906,1.2110370739132081
375,20.96812444685733,14.333734011990748
376,-27.18196591011908,0.0
377,8.153763509133764,0.7830100971732489
378,15.174638634764273,-5.124697369237101
379,2.907135757438356,-0.3156775307308788
380,13.21893546720065,8.455532322894621
381,-1.33681412092826,-3.958527776329955
382,23.567426662791835,-36.312367405800885
383,48.870543070950916,-23.12885568640545
384,9.765463890345444,-16.778078769933863
385,-29.08093981017592,-22.540233375651603
386,27.788179558186172,-5.050829332678563
387,-5.962802659089178,1.0355335534331989
388,5.81775922693364,-13.905930270671897
389,-7.140221619359995,24.775561233090666
390,37.206930975722194,-9.588478234825715
391,45.157536827822064,1.2903033206071717
392,-3.6614245966091987,47.1691297208536
393,1.2389872168569909,0.32069122246723303
394,-23.778992712705946,0.13296219890598904
395,-22.475049354103003,-22.88974303637535
396,-8.006363126491973,-4.4617075236415715
397,-12.991960054493346,-35.856848884388874
398,-1.253463714780264,-5.727262436695042
399,35.111317709574784,-23.258932986602204
400,46.31075624487657,-6.9823513298129445
401,7.708436718087702,-23.35089034187108
402,9.104265726711176,3.5623520133985878
403,-8.184014834733023,-5.825185502503624
404,17.616129063166362,-22.238878548426165
405,-16.606489396717716,-26.621104358800576
406,-14.205851728054473,17.587218833394733
407,-11.033786994489368,0.3403810469867842
408,-41.6907015645005,8.645713116947853
409,13.603764981643723,-37.58093055912876
410,-4.2730864799967305,14.219501056607507
411,-11.900030355817297,-6.126825958339688
412,-14.481019463350817,0.7647779301643918
413,3.150957628405009,-30.732040379776898
414,11.007785290648245,-20.77312866078523
415,5.893441857190216,43.27260586959616
416,30.900981789792635,-3.4017995346378327
417,-21.304306144999405,1.8592746154936926
418,6.76965740195427,8.708389754630918
419,-34.895844689035435,2.8593547237712054
420,-5.8175177454579705,-4.122862395416248
421,31.07974032552365,30.076073106585056
422,-5.8583451689149815,-5.398401829930992
423,-2.575638069541356,-19.275412240135598
424,22.999786100692052,-35.545888320699255
425,3.188487930290913,18.469617649382858
426,1.2496144283573047,-32.52769973651566
427,14.887748205000465,-24.180699848491656
428,-2.1520082289963445,-0.47937827297163416
429,39.900058559802666,-3.775083359680464
430,-18.171589311034566,13.41274576254004
431,0.025463168783660395,-2.4606649458761223
432,4.572743832405247,32.00376885830847
433,3.8058665188239433,-17.583464793399244
434,-10.639948212356435,-13.397939445944559
435,2.6380185643655816,28.140430559534146
436,-22.089304632946483,29.20898700048328
437,-34.24000159032837,38.88038577395725
438,28.705245575512144,12.277580790546711
439,-23.005122109730074,3.7162283489011063
440,-7.328698134918453,20.966289656020713
441,11.856563662639502,-5.517462851652742
442,46.12582899523211,-19.35424772533583
443,-21.44032196840579,1.626412224497064
444,-44.86429962836513,-19.445563585315785
445,0.9053239284576347,36.3654648897036
446,4.893999093552276,1.915874212260014
447,-0.29215518260035545,12.826362479936336
448,-2.3688530786354587,8.418079712065259
449,-21.679368716527176,38.21429418763225
450,6.307374359560714,38.735277183774976
451,11.03695703721938,-23.35064056811529
452,-1.8500624555551468,-1.7451448883241003
453,-23.420542386191798,5.73546388401758
454,-10.659279148331086,12.192095594853201
455,-6.711405176168006,-2.102617129681338
456,4.955419885689595,-17.05220825673048
457,-17.335012430401207,21.377557276474676
458,3.0329081875918553,-44.05592043830971
459,37.30225545396755,-14.339798945800526
460,0.8653264381750825,24.188735759874845
461,35.59510313047302,-8.482125944030695
462,-0.43946126098960203,1.096910415430349
463,-24.619456554619013,-15.948372960329753
464,-27.18400173401401,10.572016958782417
465,6.449849786754489,49.320476380239505
466,33.419225893984475,-21.363532406486723
467,-21.881337233823665,0.26878155181844665
468,17.00333729900103,-5.960765207892825
469,6.829091060381996,10.370851530198935
470,10.38093962341324,-9.513198727513954
471,9.403075348994363,48.78607355051692
472,11.497810713882393,1.3856609645803482
473,-12.983685329053063,34.7719235214853
474,-3.547868295676583,-0.949052314912643
475,-8.502839410830473,24.804039279994285
476,5.850635769948004,-6.367527102206197
477,41.90514114116987,-8.054781519071605
478,-8.97441827266164,28.530146318130274
479,-1.6556701746728262,-1.8173427682520968
480,-5.301010385908572,46.34803324484681
481,-16.034968855262736,19.533259634089813
482,-39.13293714832749,-32.51566110365467
483,2.223764223367453,15.34613593321241
484,2.666431198906584,16.556145635495756
485,25.805833768946247,29.78595203891303
486,3.6817116588572047,17.737431373195896
487,-12.963313048470004,6.634215905768875
488,11.030301891871169,16.220581558030943
489,-23.139835680655594,-11.554851500122162
490,5.255177694863247,-8.341372796194165
491,-14.60721331450964,-5.616416115151974
492,-20.83856673966089,-16.264500277976776
493,-2.899382765040243,-15.079648426800288
494,-0.6672501024154862,36.0135687653638
495,27.248982357490142,49.7140624153657
496,-44.74173709553615,44.30453757485028
497,-20.221847899289944,10.512662039267472
498,36.047647317000866,11.813177994818743
499,29.870850206624702,-38.30809602156407
500,-12.318522798290108,0.0
501,39.422758773685004,-36.14459765122214
502,23.129896873074006,21.053560002154484
503,-23.91924976625784,-19.355142276404905
504,-0.4761358695233313,-1.3659511147419945
505,-12.266435833552661,-36.21144286932567
506,-11.215884066553603,-7.383870675883499
507,11.3712344756551,28.70260762883975
508,9.306323017308786,-6.3730414340196875
509,0.015938075842717336,22.504242241253746
510,9.35155435077519,-17.439322380136016
511,-18.63368997315549,-22.603462289041474
512,-4.093172392463363,-37.42671802234969
513,30.15011033963713,17.106150220968217
514,-3.6891736389439904,8.774412637171585
515,42.415793600767,25.870178200291164
516,6.600239361149113,42.261529156164215
517,11.041601199422843,13.986804217113585
518,-10.580524178100703,-8.500533113809105
519,19.215684918751396,-30.862341875628278
520,-11.596784474192262,11.769586844207245
521,32.818960157676116,2.0555646772081895
522,1.6773823446491343,-39.80549520200064
523,-2.427672736602399,-14.306257355154978
524,5.269812858002917,3.63386403903222
525,31.845823660392863,22.480286140113044
526,7.623175043672683,46.97637339817973
527,13.604242711072814,-47.29634539785052
528,-46.39099337954917,-28.90744436628559
529,48.08903016875095,-5.373225139090461
530,-11.130587031577592,32.68957639408726
531,37.15294914689221,-3.605529569668684
532,2.315484327095368,6.7352630350387335
533,-12.102491071182616,-33.70950297656044
534,-1.6589257916394042,-20.225084331362147
535,43.34421307883543,0.5194337141507229
536,-28.988193217667384,17.775605630656816
537,1.9925820129300638,-31.657722748967384
538,-12.28549923625488,-7.328176661709688
539,11.942503208377776,-4.7760831276138305
540,-2.1794099883315683,13.271344182966414
541,17.477692789905422,-0.39688306367712545
542,-8.709020560890966,-14.172267698065605
543,-32.919796675983086,-3.1568812133452724
544,-19.73594601438188,-9.15803082760194
545,8.035532028896979,0.5880940296721819
546,25.528185584267767,-8.307658275288507
547,12.362057522472401,6.379084469830284
548,-14.689724731538105,-0.7273923885831451
549,-11.971614830144063,25.638246460105037
550,8.136846023608445,-27.49576681659767
551,-11.318556400330833,-6.170504804580929
552,15.68944015990936,-9.748809982319559
553,40.022389083656904,10.63572598641586
554,-43.35549150896526,-25.492605756415955
555,20.12537246143432,-47.423312691120984
556,17.86558234034619,-19.374209457893652
557,-2.36318927386718,0.38128650435099876
558,29.967553440071644,26.39704639369451
559,-24.84066325907853,-20.685164841758976
560,-12.289334568918528,7.508418925448195
561,-38.83953083382989,0.6630924689995527
562,21.643951090538547,-28.00939025015398
563,-0.2898644479090262,0.7494763083588356
564,-26.909065349685644,4.6480495742833385
565,-0.3723257893304762,20.596432556454253
566,46.774274499819896,-10.836874343333216
567,15.375440625796514,-0.5782962562147138
568,-3.102428536089242,-1.8562072866213555
569,2.8735304702794293,-28.794159712097514
570,-36.25130063863953,32.975160741620115
571,16.412090719460064,3.465662288419783
572,8.652222469340503,-7.75035736050063
573,-17.245924224481723,29.70349022968141
574,4.340559048139793,0.17363068698591855
575,39.02874766136077,1.7242232217728541
576,0.6658727235425509,5.0796137724302275
577,5.171124579677672,-11.726131948275874
578,12.267031452463767,1.6016126919481843
579,-6.538626780916509,-15.86304924702237
580,-3.635646753810946,-1.8209862129722834
581,-42.2696276104817,-0.49908298249574257
582,30.819606747474587,23.21690989478522
583,1.513926415528207,0.33201159538213787
584,49.45600864142332,33.612439415991155
585,10.722331853317227,-26.907195117642587
586,-1.8867729205086032,14.15501468112943
587,-14.927211282165288,-30.617886835865445
588,1.6725185618257061,1.0111054854678851
589,11.079213639644651,1.9636482174410177
590,16.312193156239623,-8.975525769851025
591,12.854315540487297,-34.96501350451957
592,39.867262728758085,4.0663044367297605
593,1.7651016666912365,-19.989852352471768
594,12.314235569071927,40.821527603382194
595,17.531466799410595,35.37724123388553
596,-1.8102481520633378,3.446669308798513
597,18.023187605184336,14.774690205192037
598,-6.2076159164559,-6.199357111174695
599,36.418497746067615,4.287734402925554
600,2.9108711868377446,-1.9964441354940043
601,-1.468918717535156,-35.090314033385326
602,41.951532225466536,31.73510888171174
603,5.247469865449098,-9.646732177118169
604,0.9757666318876858,11.237964451133818
605,12.493949905850556,7.300126925924062
606,-3.558186547658631,41.14830867456406
607,-10.698230048213155,-33.762764968717825
608,21.078279377099392,13.052171650313888
609,-5.050187494597496,16.334142178805838
610,21.768410564280742,12.607325958907483
611,-17.775427306861893,-24.6423592027833
612,-6.231007732484213,-0.5101841726862345
613,5.978067076964717,29.31146473196653
614,43.96978241199624,-0.949963269663654
615,43.53141963542143,-0.03566956024375845
616,15.208636256299354,2.645978988809091
617,25.41267452197451,1.5672653538442356
618,7.360267439658323,2.324478230479537
619,10.181416645236883,-11.452952290507485
620,43.004906589565074,28.233642606697625
621,-0.2020283720379974,48.36977538268121
622,8.920100250736118,33.93836788398291
623,-6.343060907712733,1.4726664240391334
624,-12.30483342660022,-14.450812409053967
625,-43.07002902080026,0.745189273614189
626,7.202977920496126,-15.962224306607125
627,-0.0956411399504935,-12.911517502583784
628,8.3493413091963,-23.20258564360978
629,27.936121195392946,-6.476908515601207
630,-30.127951484388323,13.329823890797845
631,-7.781444023378523,-1.6800644689992994
632,-2.7365314174019426,11.16267651551526
633,-22.641221717758985,-9.588919562794642
634,-26.835854356812973,14.752412774412647
635,18.99903832778063,28.280818594095795
636,-47.533860191135425,-41.2673774012972
637,-30.511274742160676,3.7372738938831334
638,11.033647526594743,-21.765255854022158
639,-23.90469812466241,-35.77571317921431
640,-0.14603337548293727,-25.702302752834946
641,41.58272093040148,-42.19011006506228
642,-8.769778319605814,8.341008790960245
643,3.960686241131059,-20.79773964757294
644,4.58289593543755,-5.014533020036621
645,-21.293370631153202,-5.021393698529307
646,-23.351485439272512,-8.005713778669246
647,-3.8860239168101667,-17.791431185287667
648,-16.20265266208077,-0.1622724287059767
649,49.29814121804557,-43.31578155912279
650,9.320700731166102,-38.60629406102671
651,49.52805165899581,5.297742049331243
652,-2.1493883285215905,8.844398402182728
653,-11.778293649474744,-0.9729313537179085
654,5.692178807483203,30.646014433437013
655,1.3072915896492634,9.848199029061384
656,19.102834403012878,-21.77505312109681
657,5.546005299026286,-0.9517592339507761
658,0.6994029375234191,-3.378742801207834
659,11.54986402936776,14.700723586181159
660,-33.47317105463921,14.367042961463914
661,20.821472007864617,4.559957147716354
662,7.068985946225372,-20.88289533083949
663,-7.676294637430093,-11.50804661149328
664,-49.22927173391127,-12.310014173144769
665,37.266825616217986,-32.651180556212495
666,21.719117950896816,-21.005477705520246
667,23.340267112797772,-0.7494708771178689
668,24.779671773735693,2.173854968979268
669,-2.5368161018270374,-29.151367575180448
670,16.79099668547467,-27.926740007878045
671,-24.92030765075262,10.989554539653293
672,29.028499399251924,11.444084511892626
673,7.168532855848752,41.9736091356904
674,37.69622411525562,1.1209280659586862
675,-7.118924114569733,21.799434531787018
676,-22.648744373333034,19.393654271671487
677,27.05035638656071,-8.422989318122807
678,-3.1004588847513403,-5.197616470530861
679,-18.244729995515875,-36.6467562836109
680,-18.867409627914626,-17.213525120698836
681,-35.47150325442176,-0.9191888763141952
682,14.341479869551574,7.318823404128658
683,-42.72915525432946,45.11262443463856
684,25.095340688449845,5.455516037505059
685,7.088518433863063,36.13371472982484
686,21.47155015212743,1.089900189413569
687,-20.025537464491038,3.104806450494305
688,-29.82483380591657,-32.20870107447798
689,0.7117002113990775,-5.582086079082869
690,18.940083140973368,16.670591933322193
691,-9.392917250493165,16.649663006498827
692,-16.99297926501365,-37.29464669854174
693,21.912011224196995,-49.65439162852711
694,-38.57452485583989,-21.269520656179044
695,43.58219872840372,-8.721969427848082
696,-32.27502575888532,-24.173154991679304
697,-7.803453981638278,-14.177200792504447
698,-13.810879072508136,34.37526618927963
699,-1.0255680315333167,15.624533976231682
700,37.14151257690616,-32.26028713257957
701,-27.22106722657552,-32.2516095948156
702,18.75868655267686,-18.037570572890797
703,-17.14691028157574,-12.73057239171431
704,-1.221799367081577,-2.000256340184219
705,24.91495055923479,-12.41410808200464
706,17.318694563057452,12.162115637123412
707,28.85066485186189,6.765196918805167
708,-4.7840953061349305,10.061367407854345
709,-45.34188353029635,-12.215847325084919
710,36.14098591734537,-17.055410177761164
711,-12.743804834427252,-12.52577745275169
712,-21.621873825652596,-15.27409562430481
713,0.4203397793712689,-24.648191026362884
714,-22.997312027001485,-12.126836537394091
715,-19.202312402177387,-11.600062229953586
716,2.0207324104697766,4.863707107649748
717,21.47688636431846,-16.500124352934915
718,-24.196922628819525,12.35183269677695
719,0.9144117845534456,-31.638936158779124
720,12.927809681313406,10.748520820631787
721,25.42284483211044,-5.957979708947727
722,-3.482105784396994,-4.068363019311378
723,13.263052038493047,13.88825710467005
724,-41.0162085601438,48.67058511438203
725,-22.585728412642275,-5.223088460765321
726,26.231598511924915,-2.1185747130657164
727,27.31729223448478,-0.5403744895432507
728,19.489833874549912,1.016795324024779
729,-30.42346773733464,-11.03709391009725
730,26.57481678376937,6.721415087892958
731,21.608789723374457,8.274541875753558
732,32.33899589574147,0.0
733,14.989899779026276,-39.33394735461564
734,-1.223985455308442,-36.6109023506398
735,4.093486453185102,17.200194390468837
736,24.587000522100148,14.221438097862181
737,-0.8596847261981749,5.27284954939693
738,-0.30270190646886874,-46.206139285177585
739,-21.709902617839703,-5.5833124375172885
740,12.062816679044223,-35.18275098993335
741,-42.714543980987855,-12.101478976291371
742,5.043634310495189,-3.2323289370033006
743,18.4019882906372,28.87469154081604
744,1.0797113800348228,-27.348983435475446
745,4.125094809493835,-6.663671651853752
746,24.58840689930446,1.7586820162058423
747,33.462291891114496,-13.30927903418411
748,1.3437545329854452,9.834059123768021
749,20.078667027297872,-30.60222555658163
750,18.489262716392787,6.36310562934305
751,-47.834488543030766,-3.706779260344377
752,-24.790514565509206,-3.6218188787853904
753,23.759824180501518,-31.111881762033292
754,-13.580156517790796,15.27501392171314
755,34.94223353794656,-32.06134184941135
756,-32.406142880610716,0.2742890552074545
757,16.958219681287027,1.7905225298035872
758,-20.525529877134506,-6.274000733912226
759,44.397792679420434,30.609825684575497
760,-3.2890419793849306,6.75133541048898
761,-1.7198392802233524,-1.2849591329155876
762,23.404002769426842,15.9389830011351
763,12.234856130224477,-2.542396184757262
764,5.975748718398524,11.782491343945654
765,-16.68246630679978,6.734142275698147
766,30.169924583241418,-12.343384563560818
767,28.314300950796294,-0.40081667106835484
768,-22.56310274098828,-42.4666605138929
769,28.200763248549254,-11.359426568187539
770,6.427853771583755,10.073621471094631
771,11.998744873147952,-1.257344430084579
772,-22.92435248706791,-29.837819551830982
773,-15.640442455812314,-36.95518603587258
774,0.0,41.90584880185009
775,26.117624510235757,24.678703951978687
776,-1.6378495107743765,3.2900202737984348
777,-2.043457531487945,-6.758168505698153
778,-16.473428798959606,26.642874081395163
779,4.416205093216804,7.362782603146669
780,1.2094300056957508,0.03125709300571056
781,-39.659460826597,-28.35199116931812
782,0.2816334538045895,2.5750494831074477
783,-17.408383450393245,-43.63771562066146
784,-35.13600917947961,3.576628826001622
785,0.6405530939479223,13.04087263503073
786,-15.180087094904216,-20.36192753295334
787,36.036572517526835,-14.231766787303423
788,-16.318579393530275,-32.79278841090636
789,0.0,-47.07811625004781
790,-5.176928906955219,-4.62808167576523
791,-4.734684355034054,2.051155100627313
792,12.505519109576117,13.305454125414835
793,-39.676846857423975,-30.2505715283662
794,15.931884177292883,16.81686922785048
795,13.222173256099378,7.349849118810552
796,7.832322086889735,-48.1402768056389
797,48.880628230024,4.1387972532728465
798,-6.33765841619807,-23.08281279689991
799,-29.22777467094679,-0.7550540662519776
800,27.322384068917405,2.5047366223350647
801,-5.810986951486074,18.467000365129547
802,7.89577532212588,-44.16173739379944
803,-24.28411490955535,2.937776236982058
804,2.263496759878495,23.690013185800876
805,-17.61335362318722,-29.191466849870434
806,-29.707955543106383,-5.868280952849588
807,-29.832757983836473,12.760131300403664
808,1.1987381637389198,1.4807919358834698
809,-46.170258976347604,-13.814279147011943
810,2.146209935380876,-4.174505336891344
811,3.052958599166562,3.2931560867316363
812,-24.933838787264893,15.841744231300904
813,1.6465326436839482,-39.71388543702877
814,0.0,8.118824777759253
815,-16.82665837634305,-19.607857306686547
816,-8.204870987599906,16.429178818655934
817,12.630857339245392,47.161274451348675
818,46.78322640890341,-2.2717748323596316
819,-5.889100865631276,-26.87836273698681
820,4.597521726370598,16.17120980647332
821,11.31282096898779,5.265281235522311
822,7.504593423885034,-23.245844375591844
823,23.599528264201023,36.46228550926542
824,0.0,10.790151956560411
825,15.395584927805722,5.076451372243387
826,0.7382310915301704,14.27354856802376
827,0.8123516253995405,18.93926972793714
828,0.8566824592186828,-22.69859042503174
829,24.984073226234166,2.0507287248094324
830,-3.8218045899787665,-14.776597505227402
831,25.805965345460915,-28.0890725311804
832,1.5160409601210234,-10.352024682069139
833,-6.206817149769339,29.33849605951576
834,13.16645726187303,-37.69971972385997
835,-18.916283172203695,2.019885744489958
836,-27.376136194844502,25.49470041509965
837,-22.35263562106132,26.007673768211163
838,17.52692440839243,4.367409116326755
839,8.757221197500618,7.838800256897418
840,3.232670459647263,-0.5373030822899195
841,37.20768337278427,-24.424281248154113
842,0.8767312186455398,24.09751939224609
843,15.533384792271624,0.5206713931825452
844,5.344582631935982,20.723371663999195
845,9.176454297700351,31.055926913827243
846,1.8655960282317232,-23.23575139397807
847,-48.351648013843764,2.199353876403121
848,-44.140844567359984,-10.03660889636066
849,47.55558566778854,29.841135825403448
850,0.660621680598104,23.862373740841463
851,0.8711227836278117,14.990674648669971
852,36.69436437346603,28.113041852013424
853,-21.323370403260444,21.154499709292207
854,-7.851444547673932,6.409103459442832
855,28.786668643576995,-22.587629685988837
856,-1.8417507486832339,31.98779339270529
857,4.47346655983906,23.829438637215542
858,-16.142093156774312,38.303706301241434
859,13.811607247132851,46.95519257732114
860,3.5703584150262926,11.600885991224093
861,22.022454761520216,1.4125829624967672
862,8.132310882704127,14.725794382244455
863,46.542986695979444,-14.527354094919225
864,41.29603336903438,20.01983984828936
865,-6.860490943970906,28.916580472764977
866,-9.207307269706806,2.2619677214391083
867,-0.1825754526145269,1.7701540092095462
868,-48.68057711766345,-20.85497116241977
869,18.36531062665578,3.5174370442574805
870,-31.887275574414524,-17.704303872705033
871,-9.349048250581927,0.7561906144742032
872,0.7270224301647232,-23.76327299413684
873,2.0872961845958087,1.1695919990438286
874,-6.288998239279774,-34.402445604884846
875,15.855428521443047,32.10747373330324
876,14.519859065781832,-42.571016479478686
877,-23.860905560469497,13.683210852644656
878,-23.831669815539456,1.8641238089433054
879,-13.228252755977914,16.41795815353132
880,-9.119793153781204,22.447628810368137
881,-11.268766322569089,-25.285162658325323
882,-0.8564726294808134,24.259556007513773
883,-7.095706673068127,5.069066344636737
884,23.553038412727904,-0.1577329174830786
885,-10.044812384131435,49.776806247554866
886,-45.61809214433412,-44.41761798984143
887,14.992852079754272,28.2859803495411
888,-10.666865274070235,21.765362343275267
889,-36.851128386147344,22.937009660852087
890,-2.0927482771579666,35.520906841878954
891,18.268147683336547,-1.0767546545972593
892,29.10703360704871,36.950143306945414
893,-5.980459555604664,21.39006264075328
894,-40.33971456273662,-2.9818988694200823
895,17.4790840664328,-19.512464908848106
896,-13.525058442897585,2.7158778836258417
897,-21.736260268135517,9.422473936209615
898,-5.439425053480377,36.191371919689544
899,-24.58121940899749,33.57777071811347
900,-15.750018569677227,-18.131130733592357
901,31.16275757710549,27.994801366149034
902,4.175283957317877,25.105847889109565
903,0.04254383767513348,10.696091585125048
904,32.193362908883344,40.22097351104409
905,-21.1167728652121,35.33088533073984
906,39.50636427507993,-23.52270935369828
907,-0.2905839474009859,-49.10550635015793
908,-35.671082344909685,-20.281425234610595
909,-5.2387595220129555,3.5525776300347847
910,-4.984128958732491,39.91345473896214
911,43.21548969831111,-24.0392234879061
912,12.587213598485707,-23.61496793858599
913,-39.63366267110576,20.940827408298663
914,36.154283735521275,9.584957050854602
915,-11.75695897885817,-2.774429093610056
916,-16.150445378047067,-0.5676376895184174
917,12.799967812735641,-39.183417803798754
918,18.53627433351892,-20.7271819219675
919,-43.367470879405566,14.737237381438419
920,42.373407986923624,-1.4527003679877601
921,-4.799066740556331,-9.920325864617503
922,2.8906550490361047,-16.0368447232531
923,2.379931682806056,24.76593147058467
924,-29.969984064714975,-20.232216379970037
925,16.11870644347464,1.3225276688423735
926,-26.248442575572,-2.9773315896122305
927,14.77215090251584,-7.537568949090448
928,-8.454166279391707,-23.205248286132125
929,-0.955116255562656,-11.390275821394768
930,-30.0434497527901,-18.69963685843411
931,20.525030103541205,-3.617362613570644
932,-3.8766950658265897,26.702867326219106
933,-26.472643301884666,8.893977433232436
934,-36.583798707160746,11.27021427169326
935,26.471362171898726,16.319038501873713
936,24.673880141485643,-44.344670989070295
937,-24.274241110232385,29.268206614952355
938,35.302565133289626,-9.647048934199884
939,-10.564406340495216,0.08512331451963062
940,-41.59416620793163,0.3378414074379702
941,21.93978953558983,7.3909720139266835
942,39.87979681981297,1.9279712549967551
943,30.99272485674461,-35.30942171582543
944,-10.951641175786266,1.595117362402931
945,32.91556433841696,-47.506961418987316
946,-0.5623726738528239,6.313537571567501
947,13.465458010069373,31.769216975366444
948,-9.468818698474896,0.7536065740406228
949,22.71485349528534,-15.243168252092685
950,-10.921066770480984,0.15195928237528822
951,0.26142620078972667,0.3816403059800645
952,45.03037637286029,-14.22070695094811
953,15.124953056518518,-22.842466554198595
954,-9.529628558352568,-6.72085474654988
955,6.66302983763921,4.708596026316341
956,22.11039049837583,-5.61199104992457
957,3.756746108467944,-37.292757568798045
958,-0.6616269715212488,2.399345832212079
959,-40.31360924423358,9.660341615717318
960,-0.11773877997921078,-5.370955060213411
961,-46.895520929672784,28.155212656204505
962,-11.211438385339358,-17.664013945121507
963,37.455413301164945,33.68470559390888
964,18.624235096718145,5.253957583976838
965,16.89424199025786,11.393908083973303
966,33.47975243056722,-42.28439664932166
967,40.692579759315926,-26.87216585341715
968,-3.043984603521621,-26.999940377047455
969,-12.703587170071152,18.922462436594863
970,43.476168454014726,-22.29416667953603
971,31.44697337246994,-2.6362484207388355
972,-43.66142045516261,-0.5291263337415852
973,1.6764494526745877,11.117279027622791
974,-38.412522174721246,-7.608544553237715
975,-18.984342879008487,47.38285669737913
976,25.582390056940476,-18.893313132586385
977,27.84545664895422,35.8120074263977
978,-11.324294852112745,34.05576764410273
979,1.395696473405459,46.37025999992481
980,-0.8613788026955533,25.236723824402898
981,-26.809240160605576,-26.2795715559047
982,14.953529754006723,-3.418503640169959
983,-39.86201581597989,-5.520328546277927
984,-19.87861405418814,-38.57408829594386
985,7.648711029524087,36.15573223736993
986,-20.94097198326885,46.522929336051725
987,-28.24307615102805,-30.774946756291705
988,-16.107399171153034,49.99626935104875
989,45.122085153948255,-12.123460911120649
990,-16.21605314664921,37.00528859862584
991,37.68580977881736,-6.5897571454923
992,-12.695837295045855,-5.283122231072694
993,34.83783634169778,-44.00638853200144
994,-31.605240307670467,0.564512166759529
995,-8.365701834995216,-7.28234917752911
996,2.7222919316938015,3.1038489081103418
997,-0.2333890185266696,-10.114583110765619
998,22.046642370384944,-0.12021913419294261
999,12.626530717227263,-0.38729360528159185
1000,6.882317869664101,9.947276432862326
1001,-14.456911134663267,-25.552987253815743
1002,46.45628018276242,0.63289653714775
1003,-4.8926290697577945,4.591282368042983
1004,13.812959559410315,-17.789487803450168
1005,0.08152397711841608,14.950177935391574
1006,38.949647591439,-10.900346670228746
1007,3.842498858666895,0.05241349592072453
1008,1.1279893678702397,2.587035915687478
1009,-26.690477803901423,-20.34712479357779
1010,-25.36292661358702,-6.537474559110013
1011,8.861151428567487,-32.94256624572418
1012,24.378571362431074,-36.89932323173003
1013,-15.186198806394776,-49.92911327241209
1014,-0.7774543806215992,-1.5474072432083248
1015,25.980166904997006,0.5777625586294194
1016,-23.801820404544973,33.00771384000281
1017,28.929115445721248,-9.131761581878296
1018,13.95361213189021,1.9418125970182032
1019,-19.908984018899947,48.26342547731163
1020,26.358464574511636,36.98489761744434
1021,13.4643985831771,-48.28267732891263
1022,-13.878651924967686,-42.81115696088063
1023,0.15460622767771248,12.717792008877458
1024,-18.78649515687701,34.96681104638669
1025,-35.659150225541865,-25.567234758857158
1026,2.13631974860737,44.51654194638088
1027,-27.55599022150351,36.158034563891654
1028,-8.178368357710482,-39.513735427248726
1029,-3.242885009233296,17.991577583600733
1030,-14.496470197662212,3.1548522041132694
1031,-31.281178119117612,-21.232414071655764
1032,-3.5335630882089166,13.265415487383502
1033,-2.6885897135415897,-5.282417309289672
1034,-19.982326557770342,-24.607566593300366
1035,30.968680581782476,-48.343907287568584
1036,-5.118094034950687,-5.749552157326884
1037,-16.809481053576008,9.563517812491487
1038,6.522716877942003,-24.520019733077728
1039,-1.8439832331595412,14.43385029522459
1040,-13.789433232814707,4.747415251842815
1041,34.713176789143375,-47.70430174524856
1042,30.09336610864226,-22.25687972643383
1043,8.538937952577651,-34.24785374173445
1044,-2.2611698483728073,-26.5112726195199
1045,8.0811804922479,-9.208105209404483
1046,22.24420685624354,-14.743568379997777
1047,-6.735594391542385,20.023655017609553
1048,-11.141126625137277,15.236714137922064
1049,-20.884388594476327,48.47787020943523
1050,-40.321221316421365,-24.605764299335142
1051,-2.5435882131917538,5.656086103698602
1052,-1.403960044256215,18.96425628139033
1053,-3.3488600981463876,-8.619432091704047
1054,-4.081964051195854,-8.232922417626767
1055,1.802827697395641,-7.731634654509949
1056,48.333596667200055,15.719197907322586
1057,-34.14543501233723,11.788276608784583
1058,12.931169889519367,-7.900418253205346
1059,-16.820456698549133,1.646054072933174
1060,-0.7029416147864531,-3.996943002877524
1061,36.98640175817553,0.24234157981767535
1062,-22.392444493130625,33.59377815992651
1063,3.608579045875237,3.1836439915580534
1064,3.5368964501190456,20.607248282366445
1065,12.953694630682731,-3.582478987963139
1066,5.086828322555684,10.374595140587523
1067,5.990072201479908,0.8624933701989437
1068,0.862720295916906,-34.281751342958366
1069,-1.6524648306165979,3.779318188196296
1070,5.389233808911398,31.303699157474238
1071,-4.471236918060809,2.646736950977382
1072,-34.734052280447735,-48.82223687014525
1073,-15.656542884721903,1.0436437045509441
1074,15.343026488030706,1.5096527348881117
1075,29.962032430634043,-20.75285023678733
1076,19.053396700046008,-31.918613089603987
1077,6.989079077265776,-45.795887088159624
1078,10.599085402128662,28.79761985929238
1079,40.52436338126258,-17.709964077114883
1080,1.9367791409740263,-45.78743357358342
1081,12.679757909473675,-9.341647599435754
1082,-3.1388710940584135,-22.40591530303774
1083,5.378995669746535,-21.445291920371183
1084,-16.708429554752595,-32.84921789725876
1085,-0.12480098505569925,-13.523001728273503
1086,-6.308329170135483,13.690506789324015
1087,-39.28591396235631,24.457308462576393
1088,-34.38665967851946,7.439531539254163
1089,12.188721699976298,-32.334665322762135
1090,0.0,-9.955072929619298
1091,-13.532128914137873,1.89282796867176
1092,-4.770609887723726,42.026370468719094
1093,-10.181912687800466,-12.103846520113507
1094,19.043141078498643,14.956739320860036
1095,10.941676713462956,-4.143909707394183
1096,-6.5165360828343415,28.338158889768298
1097,-17.35265624318898,29.226708554977826
1098,-39.12683162120387,6.329025984703131
1099,-44.356932891504535,0.622447416822294
1100,4.465790611000389,6.885683355868933
1101,-35.476128252761384,-35.76318564195273
1102,-25.26545829426949,-4.312236593636103
1103,21.533827076595717,-32.933706654871614
1104,29.056003047494976,-29.375020933542373
1105,11.080897993276484,21.901473884322016
1106,29.00025132987554,-6.113847207507213
1107,-3.7036349709605716,-8.42144321592412
1108,43.66867014300082,-28.04843578526821
1109,-22.973492326116876,12.654654124505122
1110,-22.499929580304844,7.661479550600698
1111,-2.550038743793457,0.12304357640257069
1112,-15.690675143846606,-38.8906789106074
1113,-33.88305431014915,-25.8076875753867
1114,23.05850416040687,47.406076442218044
1115,-21.46705028952301,0.9004237465048224
1116,-45.16195330723086,4.422106596422858
1117,-1.717230531014244,-1.0298103830716894
1118,-3.167441778663389,40.29713688289138
1119,-21.222908298056634,-12.664929196662134
1120,16.078825652067763,0.9263199640728068
1121,0.4058157251965602,13.044984043816445
1122,-24.279836922325273,-17.553181500369362
1123,-18.66384816483383,-7.944687216691937
1124,38.44030641604017,-44.93203234932955
1125,4.589545347218896,3.4226655509288832
1126,-16.411670997714236,5.248309193455924
1127,45.40243904227837,14.760190030143214
1128,-27.12309298116157,-26.232843249573865
1129,-0.5140891803312067,-40.01459506910532
1130,23.21199732877352,41.72257321127653
1131,-8.268321334682389,-4.65453830051869
1132,1.8843194582127731,-2.681107447956342
1133,-30.20078336823804,-6.492468663409884
1134,-24.97548265100809,37.27421341253269
1135,-18.836214969354412,3.6781232631462455
1136,8.598221204403385,0.6866898497796171
1137,10.713220956151009,14.017529076147317
1138,-9.036198896767683,9.458503834285231
1139,-33.702319526049386,-5.813595753797127
1140,-9.018698808458764,11.54826699120448
1141,5.13151156556944,-11.47155369619418
1142,13.360115953775606,24.330401249140383
1143,23.598718532529414,23.397869777018485
1144,0.0,3.6279479497880502
1145,-4.882424433616436,-7.014545657241692
1146,-36.3177728732875,-2.9944855873330325
1147,19.294820375266053,10.102197050369881
1148,-12.172376573824499,5.587829437119302
1149,18.712614525823614,-29.903404078749077
1150,-17.94503623094236,7.546195181166251
1151,31.085203953832973,-3.0392180050301505
1152,26.043158038913862,1.642991066796931
1153,7.43800658294908,20.64399355311345
1154,31.934329471669642,43.872323419827886
1155,19.915600743725552,23.08288425986966
1156,-28.221326413197225,3.2998239688147355
1157,-48.660212537872816,-0.27708167070261924
1158,-22.070322692616475,-5.750604909374935
1159,-9.060186519379803,5.4155315717783985
1160,-45.35390736916363,-35.59454962197914
1161,-41.51670419024382,30.185530134611806
1162,-1.9200605745956345,2.060356205341989
1163,-9.057930127751106,19.403790288216637
1164,14.84060719275081,34.59696977361743
1165,-30.379753514703737,-4.929934971546022
1166,47.876460544509015,-20.67750305884734
1167,-44.13492578609686,-48.80018291276038
1168,-7.179724503019957,8.632303656108474
1169,27.645445274576073,-31.787537191889243
1170,-39.53997100394546,-8.473444429684514
1171,30.069266994289503,-16.132659128461
1172,-2.6627120735995997,25.771291033279297
1173,-45.558083325697474,7.988827610213434
1174,33.59414644978181,-49.80801280274177
1175,-23.483607987227128,47.50817371160097
1176,-26.13212773418149,31.98803007041046
1177,-37.630815935717365,5.4058048645187435
1178,5.817720034698889,-20.647514005021403
1179,-10.244629404705568,-13.844835573582333
1180,-41.554057867060735,-36.92310440557432
1181,13.015656595925059,34.421543938017045
1182,38.42023572646594,-23.74209641498082
1183,-35.33241708936775,-11.977269581179847
1184,-2.9477493552207807,23.038638788225377
1185,-10.830781766689928,7.0698598215615025
1186,-3.0454131095416814,0.6886055219043808
1187,-30.41043062536215,-16.477964660382675
1188,-18.144458235467475,-8.281796701380632
1189,26.960050760035546,6.543393275015246
1190,1.5485545364687647,-3.1944813282082043
1191,12.725763642011339,7.228629053196277
1192,-26.230660008891014,-25.69378443509017
1193,-16.31546398453792,19.238801980301186
1194,39.82586285983685,-31.2867692502802
1195,24.69310479909231,25.600191174018168
1196,1.5221804630729725,25.535941117298435
1197,-25.974245438499842,3.2104592244595227
1198,25.07612214842416,-14.997583402503393
1199,8.110172079287459,-12.20975422542043
1200,2.682180522327866,2.9006534076295125
1201,-7.477750395918557,-10.215760228258777
1202,-29.611350003872836,-6.215933796007471
1203,-32.50534489732003,-4.033117251823441
1204,37.33569441353451,44.349027712521846
1205,-20.601611558414,41.14118407287232
1206,8.094744297436629,-26.728029439201364
1207,1.4042123102835125,-41.40250977917852
1208,1.2831275104571236,-16.732884925783992
1209,16.439060350713607,9.66898982035827
1210,-27.511840910878824,36.27117457508737
1211,-18.27870415027344,22.65356176464386
1212,-6.601721117442072,-8.81913237047685
1213,10.246305499757069,-26.561054830065693
1214,-32.247026571010956,8.608992171829653
1215,-11.148062966767709,0.8590960609733198
1216,11.484348575784443,37.36448641897745
1217,28.75117192036912,-0.7700915849934331
1218,29.156615582850364,22.730219806801195
1219,-23.824577505815693,-26.079293039559126
1220,1.3400136345505547,-8.841284146713035
1221,15.41556665685247,-0.9626338196148996
1222,-3.6103628921427404,13.494841118970694
1223,-2.9969513928586,20.20901802134772
1224,-21.393223561720234,-6.867558779427221
1225,-37.713830016415415,-3.0502274504857345
1226,-5.630510663101949,-8.461574701824532
1227,36.032518334071575,-9.892948531212333
1228,-10.089392792088507,-18.41568327809227
1229,-38.0123545307936,13.588325777027551
1230,3.764476255665051,27.839903539310097
1231,-6.900327269500771,-2.5230292587333505
1232,-12.9213561385805,49.576199597602496
1233,-11.11788195628146,6.645646041976427
1234,45.31379115209383,24.64964567288969
1235,39.35177046865486,-14.368504475330257
1236,0.2223053596437965,11.374663255832276
1237,-5.049093499905171,-0.3384238669156625
1238,0.0,-18.68420752646712
1239,14.91672449552952,2.214432410677464
1240,-6.927525212782569,11.860384862312229
1241,0.962704302326456,2.2758474940701414
1242,3.3718672574538076,-2.3054953878743825
1243,-8.643437032182016,11.234501734278897
1244,-26.08394176472093,-4.4293494883919395
1245,21.701492157826678,-32.227668488717306
1246,26.26882606579431,-3.16909648394512
1247,-13.864523282437068,-21.725196186274324
1248,-36.052963523662854,12.389932344632976
1249,-34.72838536545722,-33.09556119874171
1250,-16.29904301159633,17.231383932814307
1251,0.8354306564207812,28.61394339128026
1252,-1.7412528875161382,-7.028433898792064
1253,-40.0304093423026,-26.30829737115811
1254,38.54517215108679,37.470252244027236
1255,-1.7143188027109844,-23.33520171224032
1256,11.31850472746854,21.886516037251482
1257,-19.40834800213623,15.793840512659813
1258,0.0,34.710616474896355
1259,-11.48261152246504,30.750444834326657
1260,-49.419088993482816,-3.424089920073829
1261,47.7020611762847,43.729156885699695
1262,-17.981369647160072,-1.0644663488996897
1263,47.23579233837207,3.9941021740543157
1264,-18.052205923326742,0.6097355799409134
1265,-20.44426930396028,-30.72527388105279
1266,9.565360631383792,5.110979891227079
1267,13.459478963511298,13.948753952989566
1268,16.8290305374509,-11.338132379011704
1269,36.09561743093169,27.657294512775074
1270,-11.446149416137933,-9.610714747318276
1271,-19.34546752457125,-7.351295117650166
1272,-37.98546441555508,-19.410798840213786
1273,-22.750786574662087,-26.082822081909892
1274,-5.456219063653057,-0.030476376809890682
1275,2.9908280781257104,-15.644934825597602
1276,24.069163470474983,1.1525410095378612
1277,-13.219421850598243,-10.267657844370017
1278,-49.723307366902226,6.5085363808423145
1279,-42.237490956502285,-21.050724771453716
1280,10.162927893033022,20.86844024881548
1281,-1.9527992001718855,17.08527828757645
1282,-18.81736881972869,13.604668804953294
1283,-29.78232400361032,6.228841470554178
1284,-28.525341909396438,-3.9855444806432407
1285,-0.02014465185407488,27.58030452989425
1286,1.5816144890842327,0.6929973269751722
1287,16.568730096928906,9.61828090412915
1288,30.443684549139117,6.4695332914848365
1289,14.82966412536646,13.500449043029034
1290,5.795805766401812,7.391645597118733
1291,-14.662300876531384,35.86665366204254
1292,-5.780865575897115,33.839258222301275
1293,-15.776042059008851,-0.6111756340484069
1294,-1.5527815520900996,-14.477822615059416
1295,6.201556930934563,-4.717392005085243
1296,3.9431211856681028,-1.084259752586997
1297,-22.787640335582275,-35.800849330403125
1298,-44.287658273604094,5.569718308690656
1299,-18.6465537071168,7.2161718766540535
1300,20.606493645417526,-20.887896413999687
1301,-33.09154938977481,39.27321248517944
1302,-38.01127487110291,-40.9145912118144
1303,-20.107498312930296,-31.822730952184354
1304,11.464774161149737,-12.111051562829731
1305,-3.525747786541774,-11.275380362506422
1306,-45.27553746621223,43.25754931951898
1307,-6.23825418777169,18.195663789312874
1308,-20.926545895795563,22.40198918652996
1309,9.059928895381876,2.5496632746264085
1310,-8.017480521396823,26.20340642973317
1311,7.275091413069209,0.7187698271889671
1312,-20.93171758306176,-0.7094481659453993
1313,11.151568590581675,15.828018463272974
1314,2.6822790417916234,-0.791785955525545
1315,-18.057304632178685,1.7485541943618732
1316,35.36229585816843,-2.198448228890462
1317,-8.369391154243706,2.536432162352275
1318,2.3581873997763028,11.788385222651646
1319,5.627627181594443,10.255022416101482
1320,3.440247101300864,37.394957623576566
1321,37.25517800908716,18.36909689328942
1322,38.941831109679924,23.475536121485373
1323,-0.3183921028190366,-9.666386435791528
1324,-45.30501080771867,6.029291784981025
1325,11.80363871737676,31.173161304843433
1326,-0.7211419512582287,-20.77433136689356
1327,19.279283105425726,3.4423739460029306
1328,3.1483145837554547,-1.0519367110249522
1329,47.03580832810736,49.59877271325632
1330,0.22852612975995634,45.947990413604536
1331,23.15869716391591,18.949007645551088
1332,-7.209005738887701,-5.589835390621313
1333,-20.383614821274268,4.596504785144915
1334,-23.085686579075404,6.135394141134793
1335,25.350108998371063,3.2706351131436557
1336,-0.675822585100278,38.7474165185534
1337,-7.394954516040004,-1.3167536065231324
1338,-26.899142980143278,11.5862865412137
1339,37.69610906663544,2.5371711720860604
1340,7.239286675878784,-26.708654159796534
1341,5.471509372050934,-18.751846806036458
1342,4.130879997548033,-23.64973418750142
1343,-14.739041207881517,-0.0022134314929056487
1344,31.059332635290126,18.033920088074407
1345,21.13353534258539,-7.41370435256697
1346,21.10281962386368,-9.621000260856867
1347,6.4087079032939105,-5.9797546957942425
1348,-0.9004255649916044,-0.6496124063073955
1349,-5.892997307683016,5.995629005486262
1350,38.05166628695232,-15.22277951948317
1351,-0.9070400200172691,-15.498271263527599
1352,-10.889349823053639,38.7793208211406
1353,29.914163473079476,-5.9087665856113345
1354,-49.72151574167819,-41.41459944800936
1355,-4.679998640846484,-11.153153942470325
1356,6.11278814507624,-5.775199065254453
1357,-4.5664145788163,-1.5514376083382522
1358,-4.689736456926495,-44.54484686439936
1359,-12.860480199908709,0.0
1360,9.46095843758322,17.691732732513998
1361,-0.8223350285344404,-20.681834100800977
1362,30.53171435990925,16.067888740331068
1363,-22.58125421113464,-39.019124467613466
1364,-7.819211686323579,-8.271230427703287
1365,-43.90779053176884,24.26065301386868
1366,27.319732394936945,-2.375673333950743
1367,24.197685741225104,2.2251338679270614
1368,30.850077493919787,29.048619436127883
1369,-13.054425588824476,-46.413390334345614
1370,-9.536433252689656,-7.593924824526491
1371,28.053072091246914,-24.375516708096
1372,25.38540404532071,10.13582934190445
1373,-43.49965599047985,-19.98066806205759
1374,6.267391911739423,5.062804894985854
1375,-33.195264887994924,-3.8978727447770627
1376,0.19511916817399366,5.70353677051607
1377,-35.59572721670451,-21.435519334104207
1378,18.10531467646177,41.3527721479887
1379,25.1965186905125,5.652746789161727
1380,-9.322792586948067,11.965331560551801
1381,17.571808809554177,-0.5433729818466595
1382,1.6305324631710647,1.163033914305922
1383,3.4555563343602542,4.059590738621305
1384,-2.1439719867806484,-20.198141782126168
1385,-12.877276461616898,21.295936949614173
1386,-13.322749489726535,-3.628490533902093
1387,0.0878622123360796,-3.789770997352889
1388,-9.968184259679333,-22.10118337812311
1389,20.02921094230675,-0.8714626601413822
1390,-15.013515225389469,-7.506048142438511
1391,-0.6718492837253436,-32.64194179024607
1392,2.107115145681309,-24.132139894127924
1393,-14.596507959955948,31.15920075606182
1394,6.53607688952608,12.21304554485359
1395,17.772059798739324,23.64202173450489
1396,-11.765673744814421,17.899405410104972
1397,-30.05596836743175,4.4851817814163955
1398,19.515433740834236,-0.3895307783331903
1399,40.37325872804832,-10.353909279781032
1400,-21.217292690215995,5.253655780929995
1401,-45.35684398051468,6.9385260319107385
1402,42.27678619239032,-47.06690272230249
1403,-2.583219080474364,1.8246446472548508
1404,8.617448069047228,27.66566153778984
1405,0.7935958655222536,-11.14544066852617
1406,12.708261099069578,5.988177390559926
1407,-38.81702209217405,33.00547539958348
1408,-10.565308476161036,1.269872844899428
1409,-32.69852401853584,-2.3358252606912426
1410,-19.51690221274312,-3.5315040764346097
1411,-13.682783537888366,-35.79641464512924
1412,44.61366211005179,30.692295535167727
1413,-20.92859272191354,-2.8463268874922125
1414,-2.807146153093549,5.023949748172625
1415,16.097737354425952,-5.839800397898809
1416,45.357902413890365,18.679327977516003
1417,41.46062462420786,0.0
1418,-21.814451150725166,-32.75116069459133
1419,39.036709114122225,30.9372553023088
1420,-4.291231756295815,28.154120313990425
1421,41.64053866346501,6.849070339759793
1422,23.97262829824677,-27.756487732483247
1423,-1.1039431328523754,-4.1971546663105865
1424,-12.589924777998341,2.3255259453447734
1425,-14.021506540440942,-31.312504443107063
1426,33.9965278866684,1.1072559577112777
1427,46.34117523356968,-31.540442854421855
1428,18.681286993795602,-18.907889928627757
1429,14.984481430550634,-1.5086458176478907
1430,-3.3553611475343303,19.27435384020845
1431,-11.242641895759293,-2.113131029099799
1432,-18.10286062929962,-1.3435891335619492
1433,37.60597624931027,-2.4619282842587578
1434,25.814807924080444,4.207739612305211
1435,10.098843706620839,-11.434845731962085
1436,19.51038016120707,-16.422595614924393
1437,13.980452110817792,-8.224037433649377
1438,-42.43524320908407,-20.640259543723637
1439,6.186148946679703,-6.265473163800513
1440,12.667568080044214,0.22877594445291893
1441,-21.584134656823355,-34.792641286775826
1442,3.8599531712413,13.352942583028742
1443,-15.240013788452629,10.992655758145807
1444,1.2175095539963465,16.40185272263012
1445,1.8686948956754268,30.569133285702332
1446,-1.8108100045051034,17.013631400030057
1447,-0.8283856135450107,11.727542094454828
1448,-11.572283902284052,34.964543259249844
1449,13.40370122704972,-28.28162622072763
1450,-37.14125706539978,-42.77297390727819
1451,15.5635096078141,-1.54466796076178
1452,21.590690511043928,-2.169028708288912
1453,4.602022387067974,-3.8159698874202226
1454,37.2648491001035,-3.672544793837966
1455,-1.5425262415995045,-37.85295183262286
1456,-2.943180843345321,-36.201542295069444
1457,13.822650597688924,-14.356648291903346
1458,-5.443060733967888,-7.178082395843333
1459,-10.740503135353777,10.973133849349466
1460,15.468924033003654,13.734005669624283
1461,-15.468592888039998,-25.36656562305616
1462,4.80448649936682,-40.59708550280755
1463,-47.90877929555519,44.85351718467694
1464,0.9338639278229653,-28.266308097086874
1465,3.8143505329332923,18.907700378201323
1466,10.728475496312319,-20.904665354584505
1467,10.751829991345415,-7.0631322470281
1468,-7.769409752963538,-12.198055219529401
1469,-33.88310097592807,-5.545321953806624
1470,14.239390194710367,-4.779647278347188
1471,32.73922243398494,6.537601061627687
1472,33.6500723177525,21.938576127297587
1473,-32.494451486127794,-7.610536456332661
1474,8.727276104073054,-43.66183792903742
1475,23.35940707895471,-2.2904444439156224
1476,-6.1509096655177355,-3.759823986428174
1477,-5.40671180801664,-39.737179027384414
1478,-22.5827907689103,-11.881259085459416
1479,-20.022655357030178,-39.180462784762284
1480,13.95413442688252,-1.1771077789696633
1481,46.346682636611504,-8.750614252033238
1482,-24.452695638220238,-11.40782593259692
1483,-21.08718337229499,38.24732382432461
1484,-12.423859389843113,0.4457750381449632
1485,34.83802689056254,-19.519576567088638
1486,-2.398789077527926,-16.195477763006586
1487,28.025940651859408,-4.314125171205456
1488,8.082949334600436,0.4538409364243403
1489,-18.397272447401104,2.375539819664673
1490,-27.82189471567931,-8.824855179015891
1491,2.10260948265676,7.50304689904093
1492,27.386810945079493,-12.45738142382933
1493,42.179946577394496,-2.829114714716068
1494,4.453065832026437,-22.777124104293737
1495,5.732845507575107,20.64556631732092
1496,4.633426516801893,1.0656929048447745
1497,19.651066388652605,-33.20016578045616
1498,-0.8517038396380134,9.329400434524594
1499,-28.80610227343305,10.053901149718662
1500,-6.886755529048028,-8.238114081559278
1501,2.115904066359207,0.0
1502,-4.204566898721903,0.9204130689491058
1503,13.478390085590842,-33.876513406386564
1504,30.28345835028576,30.090027346425018
1505,-43.72050267921966,-14.591627624034123
1506,-2.631885349599764,-7.076478283760386
1507,45.9826532036374,-44.107769579591064
1508,7.609644624095828,26.18306149908675
1509,21.662626194327885,10.539465488213352
1510,-28.14621041735408,-14.349726983102146
1511,14.508394894837389,-42.08242479851538
1512,3.519148693373278,15.606584378869282
1513,39.49197262305605,7.204617628152118
1514,5.846541185147959,-16.05165940102725
1515,22.396464732643192,-17.996090153777335
1516,45.408255564462564,18.203694745468702
1517,0.31268399347723064,44.11820609069847
1518,-0.7314964175001326,-40.783906029740855
1519,-31.389283471111682,-10.793332928582508
1520,20.35560368084655,41.53542078618746
1521,-44.25990399444541,-40.73640926240755
1522,22.9235684055215,7.813419094342934
1523,10.687790184062539,5.473927970368615
1524,33.54709306926435,31.94832467773383
1525,-37.33088809202266,5.9664002712392294
1526,43.96155161845793,-32.38690306763733
1527,-6.465798134723112,33.04917386589764
1528,9.767141319581775,36.28554357626375
1529,34.25594452942015,-7.108977095651593
1530,-18.431674767103797,-46.24835127329637
1531,25.228432383439696,-5.105446890804958
1532,-33.26562310850997,-8.353980953317196
1533,-24.771068212202294,-12.941104421404424
1534,7.800434222406131,9.708299553095136
1535,28.256312380908817,24.103369693618593
1536,-5.364427586546099,21.898532967054305
1537,9.844226616106862,-13.995714706059509
1538,45.900749936808886,48.04580476578001
1539,-0.2776524576564018,-6.739378198131857
1540,18.121838923811374,4.471973150287555
1541,-34.586023855902326,6.005582530362178
1542,-19.582789274500296,-27.778075571818672
1543,-15.946001062823157,-25.25521785911286
1544,24.272987404472968,21.032364485512264
1545,10.968700380956928,0.0
1546,-42.782745681691104,-4.758452508858756
1547,42.34186287938791,38.6904862543877
1548,-3.985470632307323,3.510894201800233
1549,7.662863093882853,-1.9853028193608813
1550,-0.6293874874975705,2.6097079778019223
1551,-1.9382598121967827,-10.767964682761631
1552,-0.27280327892659606,23.016114498865164
1553,-9.090518279891493,3.4804914895394616
1554,-1.0842993912607037,24.397598132008962
1555,-21.15785647719391,22.790088124655565
1556,16.757060285933424,-27.78256771612465
1557,-3.5085286990831595,7.433009717791099
1558,13.048528277427248,-30.618312533579893
1559,22.44768808957124,37.27574196239033
1560,3.638943905385416,4.910354330592642
1561,4.259264694645855,-1.5218897136891307
1562,7.398170961035551,33.642507257690916
1563,-7.700165341019148,41.00983310335991
1564,-45.93435249502106,14.747712353456489
1565,-16.092695549378035,20.680289922342133
1566,-45.349050765416784,-41.14716824292502
1567,-9.740175608782874,7.346886655863518
1568,16.98542103277058,15.409089894440505
1569,0.0,3.4764619672697643
1570,-4.474290291643493,0.5647051982337612
1571,-25.26479076300139,-39.98528255629428
1572,6.957316494073076,48.62162824162783
1573,-26.360351101586172,-32.66223447066929
1574,9.6764040364649,-6.464378159028322
1575,-29.497936170350272,-7.603475194016987
1576,-3.620718596441133,4.366980375752783
1577,47.29667531015284,-15.39065962618086
1578,30.73989519516143,9.901852957305907
1579,-48.719185211363886,8.47664380783168
1580,0.0,-0.647267496211166
1581,18.982763813389816,2.1003294563434087
1582,17.01032919590935,8.596792658704636
1583,9.905395805325883,2.601539904172009
1584,-22.278450156997884,4.596457355408716
1585,-42.810348205520185,23.164705637555638
1586,21.987667013848107,15.715457229139055
1587,-12.481777578757752,10.097834873625525
1588,1.1368010027782671,1.986921827539827
1589,8.426765238362119,40.078293643745766
1590,-26.283300975728384,2.649409236415027
1591,-4.445787854990911,12.118552140386573
1592,-7.231770926384619,-13.171095377006452
1593,-49.86917590102598,-35.04107273235477
1594,-26.942847924925893,-13.561984300915366
1595,1.001643523647604,-4.292805679777088
1596,-9.478999049122756,36.40377592624387
1597,-24.769498339138245,16.266892406461853
1598,-7.470566351803656,5.362941389091
1599,-7.876203723595729,-4.033922564213909
1600,-25.05854892125917,-19.11246381107719
1601,1.9398763851083913,-41.82799946001602
1602,4.3579856063907725,9.499231945053833
1603,-2.22315832141363,-32.981413726579994
1604,-8.066051199607465,9.268059334780686
1605,-25.929815526339695,36.32414358839635
1606,-5.571647894796522,30.008115714596588
1607,-14.520679497421028,31.695356720580552
1608,22.15764972619918,29.5457887390682
1609,27.266509618167817,49.2830276517737
1610,5.070896735495561,1.9261004629764358
1611,26.108527463416273,-32.5537962816966
1612,-14.522307477226764,-3.169919425829784
1613,11.697968048100266,-3.2750229528045622
1614,-23.621335892262543,-21.493252326322565
1615,0.8673577756511147,41.06717456634241
1616,40.954543682930456,-1.9780071322634951
1617,42.939001284415085,-25.55123359345011
1618,-41.04723637629906,-3.631313331863419
1619,-1.4171383385468237,16.795712632278484
1620,-18.707272859236827,24.885484928811245
1621,-11.507730594264997,7.820094642877733
1622,28.375156153404838,7.431281801849563
1623,2.180453512057186,8.22418169656652
1624,-41.62358287640596,-31.194354862647415
1625,-5.395586797683455,-33.66342344886783
1626,-41.11687497461943,-32.11753073516538
1627,-2.866001392805404,-38.146050652477065
1628,-40.13963722954715,-16.32904003660054
1629,4.225591652476267,-3.5561351259781926
1630,-43.18303426217245,29.710657444309582
1631,-1.1633277820582606,47.61331399410072
1632,-14.610159645638293,-0.14401811763207706
1633,-27.570884869853238,-37.757402452182816
1634,22.218808288468626,14.22568438564355
1635,-45.473082791664496,-7.261624133474644
1636,1.7833518284285335,37.88773718050892
1637,-36.927957904718376,-3.7644933050008085
1638,8.32974951845364,-34.06999404614913
1639,8.678933324525412,-49.29187597155429
1640,0.0,-11.788322438963906
1641,22.943840430490784,31.32649070882267
1642,-29.422553842948528,10.06418697835575
1643,1.278655205058985,22.822781572312866
1644,-18.014374489865013,-0.3038623947094965
1645,-10.394448197265632,-2.0658823357337073
1646,-27.663820421118288,-37.485047920879765
1647,-16.539094709860443,5.041533439014299
1648,46.281913439326075,-1.0524948133053968
1649,5.8249918508474146,-5.464797405466454
1650,-12.20604771356586,-31.612886271206015
1651,11.68069407097817,30.485142738650076
1652,2.7285449692774297,41.49660459660434
1653,-19.01168023607149,-48.081485885888654
1654,-40.645174771706436,35.29422175486837
1655,-44.44721505047694,-12.469385864240502
1656,-18.07942090929838,-35.83007091114748
1657,-15.915764757867809,13.299876653287203
1658,8.855585773627867,3.403844439495275
1659,5.451052540074217,1.2103491380044726
1660,-25.52778352345569,-2.3413059543278703
1661,-26.794772975805024,-14.204191200716947
1662,11.125473975635517,35.5141292153669
1663,-5.587529112110837,-3.2580714309816985
1664,8.67428669216367,3.7128519178386243
1665,-1.365320378693689,-31.929614770554828
1666,28.6496075236798,38.75797460578149
1667,-19.99652809259732,-28.20574802162692
1668,-33.2364624165749,-23.47496400884676
1669,42.28342874760347,-17.057194546964705
1670,-7.854739111579068,3.9924044292839884
1671,-21.736638303751093,-37.29539914230366
1672,-7.748845203696024,-33.02810833304718
1673,21.514195251985928,1.5014178700870717
1674,1.0017657343173556,-28.761396902537044
1675,-24.877062410239514,-24.22515825847531
1676,24.89737975910545,3.6850735120618503
1677,12.446647702218584,3.331610202029305
1678,-46.24063946618365,0.5430947918184656
1679,5.582099788999881,-14.078683286328346
1680,-21.108810101571947,-11.681670099514694
1681,-6.177223911789705,24.841221527220714
1682,35.29949863567512,24.948784602568054
1683,46.28446910473821,4.982575134159613
1684,10.569725615715729,12.508948259305647
1685,-46.950888879266905,-1.1321021417783257
1686,-30.279022106840742,-29.738386659339746
1687,-25.728621852260403,-12.745673066963745
1688,-37.474485688170596,24.680239573385204
1689,41.03472912164629,3.1989166902189003
1690,28.520401529730762,7.114333698397036
1691,27.579611934732544,-15.643417929637286
1692,27.6864000812868,20.073868901764907
1693,-0.169899226922686,-18.78940833749459
1694,0.9568457386250727,0.8098685687539076
1695,13.006460457622278,-42.20676441888653
1696,-14.760457170027868,-43.67081745167601
1697,4.392871039508394,-29.91847562604621
1698,-1.630459264548851,-6.695101476491298
1699,10.490989136023037,-19.2921621241401
1700,-28.563342433351245,3.478105492583805
1701,24.962851729108845,-28.34779290265334
1702,37.06545406564847,-3.103571515156033
1703,-38.74472580109656,9.279082415089073
1704,9.763880320449275,37.32370386144532
1705,-2.6472824106280015,-34.19932038750955
1706,24.946206895926075,10.87756257700305
1707,19.94335585862505,39.35984700379411
1708,-22.02447600736053,5.392987581755319
1709,1.576425700060259,41.281938486506526
1710,-11.43096510470912,-8.617965990908083
1711,15.733444406672387,-13.285190455824994
1712,2.234471189224652,23.2233302367305
1713,-23.554002720390585,-1.382661374372206
1714,-15.467777187327016,-34.290383986013985
1715,-2.0047862159695633,23.187926214467343
1716,25.802513826572326,-9.776973507511865
1717,-13.135934577804765,-1.9670270973013366
1718,-35.36063316467705,-5.850419986846044
1719,38.51955478392173,18.149093260908963
1720,21.050482837695807,-3.4869696150577303
1721,1.6929918405971043,28.861383164041104
1722,-9.020493850395408,8.90472502100661
1723,-0.8297313752319974,1.7185275665510424
1724,-36.18865423438674,9.33956083134242
1725,0.9564304725539268,-11.758918007603436
1726,-4.035400835141747,10.815311998944871
1727,-27.88868021892439,-45.343833673954975
1728,11.269681762997141,23.423696034180225
1729,25.79904511788057,-23.804035219772953
1730,-0.38053979527726156,29.698512111430844
1731,12.41891235741042,22.063259071172823
1732,-9.278487659058053,12.528809609405316
1733,1.6142153956156924,-23.64116265810951
1734,2.9310432006892975,8.995219200259985
1735,12.59469351143538,-12.55033722047827
1736,-13.76724044221247,13.956458360699642
1737,6.469539528183201,-43.99355775220229
1738,-16.022164607918217,30.76674771262355
1739,21.11326782621191,33.79923128620444
1740,-34.108226106521045,19.544216298388264
1741,-49.274465699878704,-6.920149000768144
1742,32.11603655102994,9.35541970652835
1743,36.662199043456845,-11.936459954413484
1744,8.217499186273255,-15.78623507955997
1745,-20.71291008203673,-1.4794227294765578
1746,26.678392441282284,-12.403955608895384
1747,-7.405888675185303,-24.148459449346824
1748,-26.061725412774344,8.056439360347161
1749,-13.501372544176366,-1.721424220099982
1750,-10.293019308339048,37.53449357910874
1751,-5.787082002388813,-46.59694501363643
1752,46.28461012866993,34.333884210123315
1753,40.44122735722489,-3.4198108356595505
1754,-28.689699450873228,-4.301055577047196
1755,-14.890853191697602,31.674594499977964
1756,38.419978884013446,1.3911395588514779
1757,6.480222737694892,32.471492329784994
1758,0.11466633438453466,31.823098434778295
1759,-22.92685727278751,-10.635115635855419
1760,-17.197082826571425,27.173844314853124
1761,-5.220625913667952,25.614752582010215
1762,-16.67416558919342,38.480965276027575
1763,21.102341806422075,17.814074659161655
1764,-0.9614143493425978,-44.10186318565144
1765,-0.0493883846678026,-21.300754764741527
1766,-16.770266556418918,10.863126021011297
1767,22.767942982838306,25.158257263707515
1768,38.85485786955748,23.62632324220624
1769,0.8313935080986963,-19.1006075637477
1770,-35.48827130072653,-20.739786406554593
1771,-48.55808284730128,-7.918080855822749
1772,18.203033967392265,11.25469790855185
1773,32.98452144465285,11.525225785966402
1774,0.12183312529594925,49.75089628315113
1775,-41.89060889843072,-36.600389609164765
1776,31.931773263764647,1.6227979304802982
1777,7.715738546181388,34.981657169324336
1778,0.36323805442485724,30.34071982227195
1779,0.19396501853080328,10.891501968250022
1780,-32.91580545268742,31.06638555418465
1781,7.989177831413969,47.11104925156272
1782,-10.367117178858075,-14.044862618549395
1783,5.2906990660062325,8.315029753440864
1784,5.724177314478393,10.72428138551058
1785,-0.7202208007734514,35.05307159865144
1786,-6.2638973264142646,-1.5990203600046933
1787,-15.65637951047254,-9.127649614497718
1788,3.8928747407526565,11.658369828829777
1789,-24.85044041243785,44.4873163723836
1790,-3.987390818939817,5.623087695612558
1791,-49.05700043181429,-30.058314134607894
1792,45.791852166989436,-9.751167302468607
1793,-48.58899864601524,9.883212791915
1794,3.2287893650650155,22.754255808105082
1795,-3.3023460163841065,0.7969388460138545
1796,-1.979835669007041,-18.492786229956465
1797,4.28162814086604,-25.41841916483373
1798,30.930467542394155,23.801753898500635
1799,6.1346060021248965,-13.166218672506108
1800,-3.5892350144902667,0.11032012816859615
1801,-24.177358841905,11.780215191262247
1802,2.845379008192823,3.257244208295997
1803,9.552371989348643,47.2823157455621
1804,42.19160773637141,0.6239742979167927
1805,8.004344164315157,-3.0635646642816328
1806,-4.375113510703019,-10.420986065396436
1807,0.07080520996271977,-41.71854204139181
1808,39.63645350340657,-11.868940356353221
1809,-13.03075269947917,20.842445570966895
1810,3.9292034353553444,-17.13605078318588
1811,21.36138941884381,-11.061764138329748
1812,35.82464210954829,-13.650035918273051
1813,-1.1363471220067547,6.810321325189066
1814,-1.271525216080778,11.310700752166635
1815,6.507018451475609,-10.145381045113913
1816,-12.924291339011113,37.914795626847685
1817,-5.6567296938385745,-32.36085587413228
1818,8.14012744168073,36.40849379806367
1819,14.029741422731009,-1.0675323953634697
1820,-42.30290491771806,-21.694295636196987
1821,4.02673905543914,25.535212165846765
1822,21.666199823471707,-4.052161931985022
1823,0.1585590152483276,2.288570972896652
1824,43.069029493604646,21.60720813897538
1825,5.087573046258481,-12.98939195112926
1826,-1.6933533817978041,-0.05353133581815639
1827,-30.74551355698786,34.576590599909224
1828,24.180437955687154,-0.6323251568654347
1829,21.776815258162692,-2.476675252766182
1830,-2.1717059132593324,-23.033762446387716
1831,-2.087596959116698,-36.27576636753851
1832,-6.623757819141736,-3.456901578341907
1833,-25.495279133853845,-16.42910209102951
1834,6.170526869908846,4.378107869676948
1835,-6.50506866352903,0.34577601429552085
1836,-36.37813542074817,-6.592639774025665
1837,-31.454294752794414,26.725740952434606
1838,-42.059523779519665,25.95210052876189
1839,-4.740473817645881,-13.503958692288245
1840,19.269730547933804,-46.65038505893633
1841,2.367883102822641,3.2211873467770653
1842,21.38909076850934,-6.411497483137337
1843,-34.41165130995985,40.176788751689955
1844,15.004027087889465,-21.16572805026383
1845,-7.0820274785692385,40.20615570788692
1846,10.319232853461251,9.727417980908196
1847,-15.658787556428088,-21.767957396796234
1848,25.099041172986308,36.67727152396115
1849,3.6241338073219946,8.833223743493264
1850,-41.23701699126207,11.013715940291581
1851,-34.19785980901489,17.456425295043754
1852,-13.77443185125746,-36.7744913291032
1853,-10.38571176104538,-13.8155457567971
1854,-42.46228275429833,-39.97685823282512
1855,2.0902850131405684,10.682173286178962
1856,1.4044754882254824,-26.21015111555576
1857,-0.5766182350006025,9.866703201953527
1858,-0.596146404612389,-32.89713167828447
1859,37.61241907460012,0.9565392196621112
1860,-7.381663929360055,0.07220815895339072
1861,21.759354883767696,13.351052384970185
1862,-19.452341543583646,-16.183044571027168
1863,-18.402194502604097,-2.944198769168107
1864,-12.087343416144861,4.88297302810359
1865,-17.681703278545623,6.716199337077231
1866,-2.8807456240887643,-16.37968465568699
1867,5.731956307484472,-44.72538187564918
1868,-49.60087472356184,-39.09674246018088
1869,-2.1745554924117934,-14.02772298557514
1870,-22.850414041022017,-37.58525646777153
1871,2.754128419296693,-23.431005606718113
1872,-6.567903304206514,14.630347354472617
1873,14.970187423754961,-39.2681253674225
1874,41.66966259979441,3.4452147557237427
1875,3.8698273046302782,-23.084667517302545
1876,-8.527470474579854,-21.12689333708003
1877,-14.973212424170647,16.39301191520901
1878,22.248295205944583,0.4901386384807207
1879,-0.626323295232401,-20.73866485620434
1880,41.52334062833663,5.8099414743635585
1881,-4.305822495523515,42.2692930599599
1882,-6.748749056442318,5.511164340925325
1883,-30.494879198138243,8.128203004365162
1884,-1.914968133846858,4.0126675771415385
1885,38.35935662568891,5.4043558802749665
1886,18.777077116982205,-30.578785419627543
1887,-15.092954205804807,-10.825345075176145
1888,-8.860548863569376,13.576765795642501
1889,1.2926420112350627,-42.50809985849613
1890,24.506838157396594,-15.762835760641526
1891,-43.6842344132078,28.75398613618191
1892,4.711836739517972,11.336536604735175
1893,-27.61194994366574,2.3167077372807148
1894,-32.228841619435556,-1.1615152874473984
1895,-15.054086907626981,-31.363989470579813
1896,-14.536921361251029,13.067382030779502
1897,9.045553379701934,12.32137313294713
1898,-29.10547034389462,-5.085455444693721
1899,-27.89811066578773,1.7342051154659224
1900,37.35260368920747,14.917964881551047
1901,20.148026053911153,-26.49265227672083
1902,1.3563210029623471,-48.45447934009551
1903,14.122622240475234,5.12566401267028
1904,-5.707772540432373,-1.6156700306609606
1905,6.97460364900637,-4.460011980128477
1906,-12.696406795201058,-18.98980922775768
1907,-20.707730748669732,7.57789186318847
1908,-2.2370237494307785,48.84130835197529
1909,-29.37059930073311,4.180126732507382
1910,-1.2196457843614792,-19.391315574810786
1911,20.76465335999671,5.618839042655852
1912,-34.96777005467549,7.1241166716934465
1913,-27.791709072903142,19.965563384459035
1914,20.77158712164079,-17.199172290623032
1915,19.73335454865137,18.53814103446702
1916,44.25496565310831,-10.085662285237923
1917,-4.45172466398232,-46.600614376548904
1918,30.156977682618788,32.64660344914876
1919,5.683669295785857,-1.0965976621112665
1920,27.296398995861097,-4.187745817539572
1921,-9.893703126312152,17.85295408835492
1922,39.28898578123931,7.929612316374404
1923,-24.34087810415854,2.069276209453337
1924,-0.8035631222717614,-8.734680862809704
1925,0.2371541873126919,-28.066608414135274
1926,-16.079301207591904,-34.757438142488894
1927,2.7062197897894857,44.50355425091774
1928,1.8282702027814208,-39.46988245226257
1929,24.845630219308184,-11.486039374971332
1930,-11.574007361779994,-0.5435812970782923
1931,8.77480898592937,-31.34871514205472
1932,-10.378581534266608,6.081089165128814
1933,1.36631702211798,-38.042226558942914
1934,11.959348818307225,15.46709462784011
1935,34.07737423215906,-13.657301292794159
1936,-18.6950021894172,14.542748511510421
1937,36.164501567740636,-2.2876480377810626
1938,0.08011455419221103,0.6490960094308651
1939,24.901909180770996,6.883082530716095
1940,8.075204631591204,-28.20551955822644
1941,-32.329715388977995,-41.18154736117435
1942,-36.401230719385225,-10.647646728521021
1943,-8.342793668212995,-2.5782340331041644
1944,45.02760629361867,9.0173347245956
1945,-4.666942208753377,-12.546881475550734
1946,45.94358316816054,20.077773223587677
1947,1.4761232538315638,-16.331007500730347
1948,-25.475259891558228,-35.05616016167014
1949,-22.919301057507756,10.058185990342649
1950,39.35559375549792,10.04467759262359
1951,-29.974282917799933,-14.07684343467978
1952,1.3945530638017052,-14.699443354758964
1953,-28.634268931918935,10.813527533945765
1954,-5.002145213327056,-24.901192690169864
1955,-22.1008458698548,-3.7585595645748864
1956,36.63217429261434,-4.581587419593381
1957,-46.8993028431043,-34.73454363759344
1958,8.824963240048753,30.339950861822473
1959,-24.473237715613923,1.4608036383808902
1960,9.057944369925897,6.088975156266517
1961,-39.30174159487883,10.530583800841693
1962,-19.657495729763315,9.403331823313147
1963,33.85962466020753,-3.8597436332580752
1964,-9.605879227497075,-4.279677716503702
1965,-5.667501156923662,-31.142411195217953
1966,1.1782804141050143,-16.166595029607066
1967,-6.796574227995378,-47.54218006139944
1968,48.68381657305068,-36.10242629890426
1969,-9.056460231559267,-10.58499485733001
1970,0.7655363432204865,-1.9085798233504039
1971,27.608191168610094,-0.8861796241019042
1972,1.5589341817598197,-44.21805310348198
1973,22.245137784203862,28.420635588665256
1974,40.4396563745847,-40.108712687111634
1975,-39.83049993684096,-11.472072586770476
1976,-13.961642781384327,26.222317856618464
1977,-4.559961299966445,3.427566220039532
1978,14.59872335000772,-14.01458902530021
1979,11.81142471019259,-2.275118392908615
1980,12.15983454790598,22.014205484073035
1981,-5.711674413879461,4.8379170727172855
1982,22.652375817189125,0.8175382847229213
1983,3.4734353351687624,12.842064592012566
1984,9.675089577994864,14.959177067432353
1985,2.967802670804086,0.8812341355059798
1986,-21.73481606541013,3.3503761552718063
1987,31.882896290519877,37.06515639839255
1988,5.2883764801226265,-28.58090686780993
1989,47.772538709384314,-11.266682833551211
1990,-19.184903619504773,-42.822141661059355
1991,-36.08521714218469,-1.056033342193738
1992,-12.451188301161551,-10.267100967787048
1993,2.2276010511161717,47.01271534984518
1994,20.58125808307549,-21.340505481366797
1995,28.401277476819136,-20.917247025262625
1996,-10.951971135807181,9.726965463564003
1997,-3.13911201702302,-25.493521622450643
1998,-30.500898948664798,-2.314012966516761
1999,-11.565674068966068,-30.01607911613808
